{
  "timestamp": "2025-09-30T10:17:03.269446",
  "model_info": {
    "name": "xgboost",
    "hyperparameters": {
      "n_estimators": 200,
      "max_depth": 6,
      "learning_rate": 0.05,
      "subsample": 0.8
    }
  },
  "performance": {
    "cross_validation": {
      "mean_r2": 0.999539661287022,
      "std_r2": 4.4546660973786416e-05
    },
    "test_set": {
      "mae": 4.26473947635693,
      "r2": 0.9995594308739678,
      "mape": 0.040850007731347865
    },
    "predictions_quality": {
      "actual_mean": -200.25253807847153,
      "predicted_mean": -200.0491180419922,
      "actual_std": 304.8483129739445,
      "predicted_std": 304.248046875
    }
  },
  "data_info": {
    "target": "NPV",
    "features_count": 5
  }
}