{
  "mae": 7.668318041087923,
  "r2": 0.9987797953453642,
  "mape": 0.09728486281941906,
  "cv_mean": 0.998777269716388,
  "cv_std": 0.00013103249895731405
}