{
  "mae": 22.340766806676974,
  "r2": 0.9901378679338174,
  "mape": 0.23718694330298323,
  "cv_mean": 0.989809797467904,
  "cv_std": 0.00042242192420602153
}